<?xml version="1.0" encoding="UTF-8"?>
<project-private xmlns="http://www.netbeans.org/ns/project-private/1">
    <editor-bookmarks xmlns="http://www.netbeans.org/ns/editor-bookmarks/2" lastBookmarkId="0"/>
    <open-files xmlns="http://www.netbeans.org/ns/projectui-open-files/2">
        <group>
            <file>file:/C:/Users/diogo.dosanjos/Downloads/CAN_CAR-20250225/can_car_with_xf_students.X/can_car_with_xf_students.X/xf/event.c</file>
            <file>file:/C:/Users/diogo.dosanjos/Downloads/CAN_CAR-20250225/can_car_with_xf_students.X/can_car_with_xf_students.X/can/can.c</file>
            <file>file:/C:/Users/diogo.dosanjos/Downloads/CAN_CAR-20250225/can_car_with_xf_students.X/can_car_with_xf_students.X/can/can_defines.h</file>
            <file>file:/C:/Users/diogo.dosanjos/Downloads/CAN_CAR-20250225/can_car_with_xf_students.X/can_car_with_xf_students.X/carFunctions.h</file>
            <file>file:/C:/Users/diogo.dosanjos/Downloads/CAN_CAR-20250225/can_car_with_xf_students.X/can_car_with_xf_students.X/main.c</file>
            <file>file:/C:/Users/diogo.dosanjos/Downloads/CAN_CAR-20250225/can_car_with_xf_students.X/can_car_with_xf_students.X/carFunctions.c</file>
            <file>file:/C:/Users/diogo.dosanjos/Downloads/CAN_CAR-20250225/can_car_with_xf_students.X/can_car_with_xf_students.X/mcc_generated_files/mcc.c</file>
            <file>file:/C:/Users/diogo.dosanjos/Downloads/CAN_CAR-20250225/can_car_with_xf_students.X/can_car_with_xf_students.X/car_msg_id.h</file>
            <file>file:/C:/Users/diogo.dosanjos/Downloads/CAN_CAR-20250225/can_car_with_xf_students.X/can_car_with_xf_students.X/xf/xf.c</file>
        </group>
    </open-files>
</project-private>
